日付,時刻,始値,高値,安値,終値
2017-12-22,後場,16173.82,16201.98,16166.95,16194.07
2017-12-22,前場,16143.68,16190.71,16135.65,16170.46
2017-12-21,後場,16130.98,16152.92,16124.84,16138.80
2017-12-21,前場,16127.52,16134.29,16061.34,16105.92
2017-12-20,後場,16117.30,16146.43,16115.61,16140.42
2017-12-20,前場,16091.77,16135.61,16074.83,16107.69
2017-12-19,後場,16092.08,16125.46,16085.73,16086.39
2017-12-19,前場,16129.44,16148.71,16076.95,16099.70
2017-12-18,後場,16063.98,16105.87,16062.07,16101.98
2017-12-18,前場,15999.75,16060.21,15985.26,16058.05
2017-12-15,後場,15842.21,15977.49,15840.23,15870.85
2017-12-15,前場,15952.70,15956.82,15816.33,15829.79
2017-12-14,後場,16027.53,16038.36,15964.20,16007.69
2017-12-14,前場,16023.60,16056.63,16013.19,16021.55
2017-12-13,後場,16023.55,16058.63,15998.33,16041.81
2017-12-13,前場,16105.83,16112.52,16058.51,16064.25
2017-12-12,後場,16114.89,16115.11,16048.53,16086.00
2017-12-12,前場,16081.60,16140.02,16075.13,16120.40
2017-12-11,後場,15981.08,16074.49,15978.85,16074.49
2017-12-11,前場,16041.37,16046.06,15956.52,15967.91
2017-12-08,後場,15957.25,15993.91,15931.91,15992.31
2017-12-08,前場,15792.73,15969.80,15790.55,15966.03
2017-12-07,後場,15800.57,15837.28,15783.01,15825.72
2017-12-07,前場,15726.79,15824.34,15724.09,15816.14
2017-12-06,後場,15693.91,15712.99,15601.26,15642.21
2017-12-06,前場,15819.76,15836.91,15769.95,15778.89
2017-12-05,後場,15856.69,15910.23,15854.27,15878.81
2017-12-05,前場,15783.92,15831.80,15759.43,15829.38
2017-12-04,後場,15909.00,15914.26,15820.96,15832.47
2017-12-04,前場,15962.19,15969.22,15882.38,15898.75
2017-12-01,後場,15898.24,15960.65,15870.96,15923.64
2017-12-01,前場,15993.81,16021.65,15832.82,15860.52
2017-11-30,後場,15810.62,15911.79,15796.44,15876.76
2017-11-30,前場,15835.44,15841.90,15758.79,15799.45
2017-11-29,後場,15793.77,15828.16,15785.97,15825.25
2017-11-29,前場,15801.36,15822.94,15776.53,15809.76
2017-11-28,後場,15717.48,15718.82,15665.01,15695.54
2017-11-28,前場,15715.70,15773.91,15645.33,15745.49
2017-11-27,後場,15753.33,15762.14,15704.80,15733.50
2017-11-27,前場,15839.11,15846.86,15731.46,15754.66
2017-11-24,後場,15730.18,15787.90,15713.69,15774.98
2017-11-24,前場,15674.49,15711.78,15655.88,15711.55
2017-11-22,後場,15792.82,15804.13,15735.20,15746.46
2017-11-22,前場,15806.43,15831.19,15757.03,15786.51
2017-11-21,後場,15733.55,15770.10,15702.44,15702.44
2017-11-21,前場,15716.74,15779.04,15690.19,15740.15
2017-11-20,後場,15592.26,15632.96,15577.15,15605.75
2017-11-20,前場,15590.94,15651.81,15564.35,15590.90
2017-11-17,後場,15699.82,15727.11,15615.01,15662.45
2017-11-17,前場,15789.04,15836.86,15651.70,15660.07
2017-11-16,後場,15553.27,15702.47,15526.33,15641.77
2017-11-16,前場,15431.20,15567.87,15426.07,15566.68
2017-11-15,後場,15575.22,15585.45,15452.39,15484.67
2017-11-15,前場,15679.40,15679.40,15544.63,15564.34
2017-11-14,後場,15809.48,15844.79,15764.34,15775.85
2017-11-14,前場,15793.28,15842.86,15742.80,15791.08
2017-11-13,後場,15895.09,15915.20,15814.72,15814.72
2017-11-13,前場,15960.31,15960.31,15868.93,15897.10
2017-11-10,後場,15973.97,16026.13,15953.35,15993.18
2017-11-10,前場,15910.92,16024.32,15900.85,15939.28
2017-11-09,後場,16333.77,16392.02,15919.95,16119.73
2017-11-09,前場,16199.27,16410.93,16191.05,16403.37
2017-11-08,後場,16083.96,16147.46,16079.98,16144.90
2017-11-08,前場,16073.78,16101.30,16027.80,16090.09
2017-11-07,後場,16022.65,16111.50,16021.18,16110.88
2017-11-07,前場,15896.20,16051.18,15884.39,16011.16
2017-11-06,後場,15895.42,15921.90,15823.39,15905.43
2017-11-06,前場,15943.12,15963.28,15888.76,15897.81
2017-11-02,後場,15894.86,15907.01,15864.09,15904.66
2017-11-02,前場,15902.77,15909.41,15813.15,15883.46
2017-11-01,後場,15810.39,15864.09,15772.93,15840.80
2017-11-01,前場,15725.52,15831.24,15713.41,15807.48
2017-10-31,後場,15638.23,15650.03,15608.19,15630.13
2017-10-31,前場,15605.47,15614.91,15557.88,15599.79
2017-10-30,後場,15674.77,15681.58,15645.53,15678.11
2017-10-30,前場,15681.75,15697.17,15599.83,15651.14
2017-10-27,後場,15655.60,15686.32,15652.76,15680.88
2017-10-27,前場,15624.57,15660.02,15563.01,15641.98
2017-10-26,後場,15519.35,15553.56,15513.45,15533.24
2017-10-26,前場,15502.71,15545.05,15487.21,15522.93
2017-10-25,後場,15588.44,15588.97,15470.21,15512.54
2017-10-25,前場,15630.48,15637.48,15546.17,15571.56
2017-10-24,後場,15524.40,15566.19,15500.75,15566.19
2017-10-24,前場,15457.00,15533.13,15450.12,15524.05
2017-10-23,後場,15463.50,15488.85,15462.94,15471.27
2017-10-23,前場,15492.66,15495.89,15436.28,15462.25
2017-10-20,後場,15331.33,15336.31,15312.71,15336.31
2017-10-20,前場,15282.32,15351.01,15269.90,15329.84
2017-10-19,後場,15345.50,15350.73,15289.56,15329.29
2017-10-19,前場,15328.81,15360.10,15308.33,15357.81
2017-10-18,後場,15265.35,15289.71,15244.15,15271.15
2017-10-18,前場,15261.84,15279.73,15230.31,15262.48
2017-10-17,後場,15201.44,15246.79,15199.44,15243.95
2017-10-17,前場,15269.10,15293.34,15184.39,15206.53
2017-10-16,後場,15231.33,15236.60,15190.55,15190.57
2017-10-16,前場,15136.14,15237.50,15118.78,15234.30
2017-10-13,後場,15034.15,15136.16,15032.91,15091.04
2017-10-13,前場,14989.83,15026.63,14965.79,15006.70
2017-10-12,後場,15030.10,15030.13,14996.54,15005.17
2017-10-12,前場,15032.15,15034.75,14990.65,15024.01
2017-10-11,後場,14969.67,14982.34,14964.13,14976.46
2017-10-11,前場,14944.49,14980.00,14927.16,14970.69
2017-10-10,後場,14917.84,14959.51,14910.78,14959.51
2017-10-10,前場,14866.14,14916.36,14855.55,14912.90
2017-10-06,後場,14881.32,14895.04,14866.98,14891.99
2017-10-06,前場,14912.72,14930.83,14881.62,14885.03
2017-10-05,後場,14866.57,14871.66,14845.59,14860.37
2017-10-05,前場,14896.13,14904.45,14855.59,14867.40
2017-10-04,後場,14912.99,14921.12,14854.73,14882.12
2017-10-04,前場,14906.14,14918.77,14860.80,14918.77
2017-10-03,後場,14862.62,14886.25,14839.04,14880.19
2017-10-03,前場,14828.46,14873.51,14798.23,14848.29
2017-10-02,後場,14763.52,14774.45,14749.31,14771.87
2017-10-02,前場,14813.12,14816.40,14757.93,14761.94
2017-09-29,後場,14755.23,14791.66,14749.18,14787.20
2017-09-29,前場,14769.24,14788.55,14733.34,14754.55
2017-09-28,後場,14742.55,14806.93,14735.82,14799.60
2017-09-28,前場,14804.89,14806.53,14732.22,14750.46
2017-09-27,後場,14707.02,14714.60,14688.43,14706.31
2017-09-27,前場,14709.03,14710.69,14659.85,14699.38
2017-09-26,後場,14803.15,14803.83,14761.48,14787.87
2017-09-26,前場,14775.04,14810.04,14765.71,14804.45
2017-09-25,後場,14783.61,14807.28,14776.03,14797.55
2017-09-25,前場,14816.58,14830.47,14776.13,14804.29
2017-09-22,後場,14715.90,14741.28,14691.44,14730.49
2017-09-22,前場,14801.67,14811.67,14699.26,14721.90
2017-09-21,後場,14848.52,14851.85,14759.78,14761.75
2017-09-21,前場,14851.42,14865.36,14825.01,14864.76
2017-09-20,後場,14786.93,14789.84,14738.73,14755.51
2017-09-20,前場,14741.05,14769.03,14734.24,14762.06
2017-09-19,後場,14698.63,14773.46,14695.73,14760.33
2017-09-19,前場,14663.41,14706.45,14654.74,14701.30
2017-09-15,後場,14476.61,14531.21,14474.83,14507.40
2017-09-15,前場,14432.01,14502.34,14428.12,14465.61
2017-09-14,後場,14494.11,14496.12,14447.04,14456.52
2017-09-14,前場,14501.22,14547.90,14484.24,14512.88
2017-09-13,後場,14513.37,14525.43,14501.40,14503.72
2017-09-13,前場,14500.37,14510.68,14484.92,14510.66
2017-09-12,後場,14421.96,14448.66,14410.50,14422.19
2017-09-12,前場,14415.54,14428.92,14399.48,14408.56
2017-09-11,後場,14317.89,14329.06,14274.65,14286.81
2017-09-11,前場,14245.86,14340.36,14238.73,14315.52
2017-09-08,後場,14148.92,14157.36,14089.87,14117.86
2017-09-08,前場,14123.95,14165.99,14120.88,14152.67
2017-09-07,後場,14197.08,14202.90,14137.32,14161.14
2017-09-07,前場,14168.59,14231.28,14160.40,14193.17
2017-09-06,後場,14065.63,14127.85,14065.63,14113.10
2017-09-06,前場,14025.19,14083.21,14008.10,14078.01
2017-09-05,後場,14128.82,14141.90,14092.48,14109.19
2017-09-05,前場,14221.50,14223.92,14123.99,14145.65
2017-09-04,後場,14213.47,14222.49,14192.63,14209.33
2017-09-04,前場,14287.44,14308.51,14182.22,14216.65
2017-09-01,後場,14317.51,14356.40,14278.18,14337.13
2017-09-01,前場,14384.03,14384.03,14312.42,14330.69
2017-08-31,後場,14318.27,14352.14,14315.11,14324.41
2017-08-31,前場,14299.99,14330.98,14291.63,14317.13
2017-08-30,後場,14224.68,14280.34,14216.66,14236.29
2017-08-30,前場,14226.22,14243.27,14182.84,14218.88
2017-08-29,後場,14137.75,14160.19,14128.74,14151.80
2017-08-29,前場,14079.81,14144.61,14078.85,14137.92
2017-08-28,後場,14157.63,14184.60,14139.16,14174.36
2017-08-28,前場,14183.95,14209.19,14132.88,14143.09
2017-08-25,後場,14167.60,14189.99,14149.01,14150.09
2017-08-25,前場,14145.67,14166.24,14120.80,14160.94
2017-08-24,後場,14175.51,14175.51,14111.90,14111.90
2017-08-24,前場,14148.07,14195.31,14148.04,14173.69
2017-08-23,後場,14199.44,14209.49,14171.79,14185.62
2017-08-23,前場,14284.89,14287.60,14215.12,14216.71
2017-08-22,後場,14169.85,14173.88,14141.92,14155.30
2017-08-22,前場,14144.79,14193.00,14130.03,14163.43
2017-08-21,後場,14150.03,14166.46,14134.11,14149.46
2017-08-21,前場,14212.27,14212.27,14128.33,14140.39
2017-08-18,後場,14201.74,14209.55,14156.19,14183.05
2017-08-18,前場,14167.66,14208.98,14131.97,14190.79
2017-08-17,後場,14357.07,14369.49,14336.23,14336.80
2017-08-17,前場,14341.48,14358.62,14317.70,14344.99
2017-08-16,後場,14373.80,14388.95,14357.87,14357.87
2017-08-16,前場,14367.41,14391.04,14346.99,14372.44
2017-08-15,後場,14397.56,14412.08,14363.90,14363.90
2017-08-15,前場,14322.97,14422.71,14302.49,14394.10
2017-08-14,後場,14253.90,14281.45,14202.45,14209.59
2017-08-14,前場,14238.07,14259.48,14191.92,14253.49
2017-08-10,後場,14341.54,14373.80,14323.48,14367.56
2017-08-10,前場,14393.84,14427.16,14341.39,14353.65
2017-08-09,後場,14348.95,14384.11,14309.71,14375.72
2017-08-09,前場,14483.67,14502.59,14331.78,14349.67
2017-08-08,後場,14515.35,14533.28,14499.10,14526.88
2017-08-08,前場,14581.42,14589.02,14493.90,14514.93
2017-08-07,後場,14591.65,14594.39,14566.34,14570.62
2017-08-07,前場,14589.17,14603.56,14562.12,14592.42
2017-08-04,後場,14511.16,14531.19,14503.20,14512.70
2017-08-04,前場,14498.37,14514.86,14478.01,14504.40
2017-08-03,後場,14516.56,14541.17,14507.91,14541.17
2017-08-03,前場,14541.01,14554.60,14488.51,14501.72
2017-08-02,後場,14546.46,14566.98,14540.00,14540.00
2017-08-02,前場,14555.99,14582.40,14497.99,14535.99
2017-08-01,後場,14472.35,14495.17,14464.04,14491.30
2017-08-01,前場,14396.17,14491.64,14390.47,14464.22
2017-07-31,後場,14412.81,14447.42,14389.93,14389.93
2017-07-31,前場,14391.53,14422.17,14368.53,14411.67
2017-07-28,後場,14434.74,14439.00,14378.45,14407.95
2017-07-28,前場,14428.44,14436.09,14390.42,14430.58
2017-07-27,後場,14444.23,14533.64,14429.90,14447.00
2017-07-27,前場,14393.25,14468.30,14384.05,14453.88
2017-07-26,後場,14413.30,14421.27,14372.82,14400.60
2017-07-26,前場,14477.28,14479.76,14407.51,14407.54
2017-07-25,後場,14383.51,14396.02,14370.27,14370.27
2017-07-25,前場,14404.21,14440.81,14364.78,14370.49
2017-07-24,後場,14364.45,14428.47,14352.85,14403.12
2017-07-24,前場,14394.46,14394.46,14336.13,14362.41
2017-07-21,後場,14481.99,14498.63,14477.70,14489.08
2017-07-21,前場,14488.76,14509.75,14476.77,14480.69
2017-07-20,後場,14522.06,14537.82,14512.22,14521.06
2017-07-20,前場,14432.40,14515.80,14422.03,14501.95
2017-07-19,後場,14420.82,14424.97,14390.82,14415.64
2017-07-19,前場,14373.57,14429.36,14352.94,14424.03
2017-07-18,後場,14369.31,14422.14,14366.43,14413.49
2017-07-18,前場,14433.00,14437.82,14333.25,14382.28
2017-07-14,後場,14491.38,14501.09,14472.14,14472.36
2017-07-14,前場,14459.48,14490.71,14441.47,14490.71
2017-07-13,後場,14436.12,14437.16,14389.61,14417.78
2017-07-13,前場,14472.65,14481.65,14415.80,14442.65
2017-07-12,後場,14443.06,14445.75,14398.58,14422.01
2017-07-12,前場,14449.48,14461.67,14427.10,14448.80
2017-07-11,後場,14448.50,14496.05,14443.73,14490.33
2017-07-11,前場,14394.63,14446.06,14385.49,14445.81
2017-07-10,後場,14386.50,14431.38,14362.31,14392.97
2017-07-10,前場,14413.91,14416.99,14360.52,14383.33
2017-07-07,後場,14350.37,14354.08,14307.10,14321.41
2017-07-07,前場,14296.74,14390.54,14293.29,14376.11
2017-07-06,後場,14393.36,14410.91,14364.59,14396.43
2017-07-06,前場,14422.61,14432.15,14384.95,14415.91
2017-07-05,後場,14330.19,14428.51,14330.16,14427.45
2017-07-05,前場,14347.64,14366.91,14284.77,14312.38
2017-07-04,後場,14421.02,14424.95,14311.95,14354.41
2017-07-04,前場,14476.14,14483.89,14406.46,14422.15
2017-07-03,後場,14372.62,14398.02,14359.80,14376.53
2017-07-03,前場,14367.50,14382.77,14336.73,14365.56
2017-06-30,後場,14329.57,14353.63,14298.89,14353.63
2017-06-30,前場,14338.24,14356.95,14290.65,14336.15
2017-06-29,後場,14470.25,14481.45,14433.52,14452.92
2017-06-29,前場,14480.79,14490.18,14434.13,14465.80
2017-06-28,後場,14394.29,14400.49,14357.99,14370.79
2017-06-28,前場,14372.40,14442.37,14369.17,14402.49
2017-06-27,後場,14399.80,14409.10,14376.86,14392.02
2017-06-27,前場,14389.53,14408.31,14368.17,14396.74
2017-06-26,後場,14345.74,14346.47,14330.57,14330.97
2017-06-26,前場,14327.37,14367.92,14317.91,14341.39
2017-06-23,後場,14335.20,14347.60,14322.20,14332.34
2017-06-23,前場,14334.46,14334.98,14292.56,14308.48
2017-06-22,後場,14333.13,14371.46,14318.08,14318.08
2017-06-22,前場,14348.54,14351.31,14316.58,14322.74
2017-06-21,後場,14342.91,14364.79,14317.54,14338.68
2017-06-21,前場,14361.82,14379.43,14305.04,14361.16
2017-06-20,後場,14433.35,14447.61,14382.03,14382.03
2017-06-20,前場,14408.58,14461.01,14398.29,14427.52
2017-06-19,後場,14286.08,14300.39,14268.32,14285.19
2017-06-19,前場,14213.57,14297.07,14201.73,14286.43
2017-06-16,後場,14255.65,14272.60,14169.27,14207.89
2017-06-16,前場,14203.38,14236.01,14178.09,14211.87
2017-06-15,後場,14108.94,14164.42,14096.67,14133.94
2017-06-15,前場,14129.97,14231.39,14079.12,14110.73
2017-06-14,後場,14196.44,14220.58,14176.06,14176.26
2017-06-14,前場,14237.31,14253.61,14176.22,14189.43
2017-06-13,後場,14207.14,14216.37,14189.21,14190.22
2017-06-13,前場,14148.91,14220.64,14144.66,14197.18
2017-06-12,後場,14181.32,14195.22,14160.34,14171.17
2017-06-12,前場,14144.61,14209.11,14131.79,14204.54
2017-06-09,後場,14199.76,14200.54,14138.90,14169.70
2017-06-09,前場,14159.74,14228.88,14112.82,14201.24
2017-06-08,後場,14241.53,14262.00,14162.81,14171.39
2017-06-08,前場,14283.88,14288.62,14224.13,14238.76
2017-06-07,後場,14208.13,14257.07,14201.36,14232.32
2017-06-07,前場,14211.64,14230.47,14185.09,14190.55
2017-06-06,後場,14278.84,14299.86,14220.83,14235.25
2017-06-06,前場,14310.18,14347.62,14260.65,14270.06
2017-06-05,後場,14361.24,14385.34,14346.37,14358.44
2017-06-05,前場,14323.87,14367.62,14294.88,14365.16
2017-06-02,後場,14356.06,14398.16,14352.61,14385.56
2017-06-02,前場,14222.96,14332.98,14215.42,14330.44
2017-06-01,後場,14123.75,14158.56,14112.82,14142.82
2017-06-01,前場,13999.34,14131.44,13996.13,14123.55
2017-05-31,後場,13970.59,13977.01,13941.75,13977.01
2017-05-31,前場,13969.12,13995.90,13953.71,13978.21
2017-05-30,後場,13952.39,14020.55,13951.38,14013.81
2017-05-30,前場,13991.58,13995.81,13931.59,13932.69
2017-05-29,後場,14025.77,14033.59,13996.49,13996.49
2017-05-29,前場,13999.46,14040.36,13961.21,14026.54
2017-05-26,後場,14028.70,14038.44,13997.82,13997.82
2017-05-26,前場,14068.94,14073.40,14026.94,14041.67
2017-05-25,後場,14109.27,14111.20,14079.15,14082.26
2017-05-25,前場,14039.54,14120.82,14029.09,14115.76
2017-05-24,後場,14032.38,14055.15,14023.19,14050.51
2017-05-24,前場,14084.14,14090.71,14016.45,14030.78
2017-05-23,後場,14005.88,14018.00,13955.65,13973.43
2017-05-23,前場,13989.18,14023.09,13982.49,14000.58
2017-05-22,後場,13988.39,14014.68,13984.55,14004.89
2017-05-22,前場,13995.66,14016.70,13955.42,13982.30
2017-05-19,後場,13874.47,13952.64,13869.21,13929.80
2017-05-19,前場,13899.60,13913.51,13836.81,13873.46
2017-05-18,後場,13854.42,13884.25,13840.40,13875.98
2017-05-18,前場,13874.52,13914.85,13814.26,13871.82
2017-05-17,後場,14041.98,14067.79,14038.16,14063.86
2017-05-17,前場,14064.32,14078.46,14030.42,14065.75
2017-05-16,後場,14128.21,14144.03,14113.80,14143.97
2017-05-16,前場,14183.10,14209.13,14111.69,14116.50
2017-05-15,後場,14086.46,14113.46,14074.71,14113.46
2017-05-15,前場,14037.03,14098.73,14029.42,14084.69
2017-05-12,後場,14061.53,14111.69,14054.85,14111.69
2017-05-12,前場,14153.06,14153.06,14053.20,14059.44
2017-05-11,後場,14138.27,14182.01,14128.80,14162.48
2017-05-11,前場,14168.51,14172.53,14117.74,14142.99
2017-05-10,後場,14132.94,14163.12,14118.78,14146.47
2017-05-10,前場,14147.32,14175.73,14124.04,14151.04
2017-05-09,後場,14132.51,14142.13,14108.96,14125.81
2017-05-09,前場,14169.78,14176.62,14120.31,14142.79
2017-05-08,後場,14116.77,14182.65,14111.32,14168.72
2017-05-08,前場,14017.99,14118.59,14015.71,14107.33
2017-05-02,後場,13857.00,13863.76,13828.31,13849.15
2017-05-02,前場,13783.65,13875.41,13783.17,13861.38
2017-05-01,後場,13717.17,13760.76,13716.86,13759.04
2017-05-01,前場,13685.91,13732.74,13672.37,13723.53
2017-04-28,後場,13709.04,13710.12,13664.50,13691.54
2017-04-28,前場,13744.56,13763.07,13697.94,13706.75
2017-04-27,後場,13747.40,13767.06,13724.48,13747.44
2017-04-27,前場,13710.09,13750.43,13707.08,13745.50
2017-04-26,後場,13716.84,13763.69,13700.66,13763.69
2017-04-26,前場,13694.61,13722.81,13667.24,13722.76
2017-04-25,後場,13584.92,13619.32,13555.08,13596.77
2017-04-25,前場,13437.52,13578.12,13437.52,13575.08
2017-04-24,後場,13454.94,13472.16,13427.68,13447.69
2017-04-24,前場,13499.60,13504.54,13437.82,13457.64
2017-04-21,後場,13293.66,13346.60,13279.62,13321.58
2017-04-21,前場,13301.63,13318.68,13270.63,13310.51
2017-04-20,後場,13220.72,13243.08,13177.91,13180.06
2017-04-20,前場,13186.52,13247.62,13170.53,13222.93
2017-04-19,後場,13182.62,13209.78,13172.18,13174.08
2017-04-19,前場,13120.69,13205.50,13117.24,13185.73
2017-04-18,後場,13193.16,13202.56,13162.12,13187.25
2017-04-18,前場,13245.06,13275.08,13178.24,13190.03
2017-04-17,後場,13096.05,13145.06,13092.89,13141.92
2017-04-17,前場,13018.61,13092.63,13018.61,13083.21
2017-04-14,後場,13089.86,13118.57,13059.45,13086.35
2017-04-14,前場,13163.53,13163.53,13080.23,13099.55
2017-04-13,後場,13120.26,13189.23,13104.00,13164.58
2017-04-13,前場,13147.07,13157.43,13083.41,13114.20
2017-04-12,後場,13241.26,13271.23,13230.16,13271.23
2017-04-12,前場,13294.02,13302.73,13207.07,13242.80
2017-04-11,後場,13347.27,13404.19,13340.08,13402.65
2017-04-11,前場,13368.19,13417.20,13350.12,13366.18
2017-04-10,後場,13432.09,13461.65,13408.09,13436.16
2017-04-10,前場,13447.56,13476.98,13406.55,13423.72
2017-04-07,後場,13319.82,13428.66,13310.85,13348.44
2017-04-07,前場,13361.12,13422.58,13241.95,13291.20
2017-04-06,後場,13272.06,13287.97,13223.51,13257.80
2017-04-06,前場,13401.43,13429.55,13275.09,13275.52
2017-04-05,後場,13454.42,13482.30,13409.24,13470.70
2017-04-05,前場,13519.32,13549.62,13451.49,13477.41
2017-04-04,後場,13487.83,13501.88,13380.04,13463.23
2017-04-04,前場,13530.14,13543.01,13460.21,13513.91
2017-04-03,後場,13562.89,13625.55,13522.09,13564.68
2017-04-03,前場,13581.38,13587.61,13525.73,13563.55
2017-03-31,後場,13746.99,13753.48,13522.45,13522.45
2017-03-31,前場,13743.23,13770.59,13719.49,13755.95
2017-03-30,後場,13726.36,13742.10,13642.95,13651.02
2017-03-30,前場,13745.65,13779.45,13722.87,13746.19
2017-03-29,後場,13784.65,13799.43,13758.36,13786.12
2017-03-29,前場,13813.08,13824.40,13753.46,13789.69
2017-03-28,後場,13806.83,13815.79,13778.61,13815.79
2017-03-28,前場,13753.58,13806.41,13735.78,13798.99
2017-03-27,後場,13622.50,13639.98,13612.87,13628.67
2017-03-27,前場,13668.22,13692.90,13586.51,13612.58
2017-03-24,後場,13807.50,13816.62,13763.53,13806.87
2017-03-24,前場,13680.44,13841.51,13677.70,13822.67
2017-03-23,後場,13670.65,13701.74,13654.32,13688.70
2017-03-23,前場,13659.34,13692.22,13617.08,13676.61
2017-03-22,後場,13722.22,13731.27,13678.27,13679.58
2017-03-22,前場,13773.73,13784.09,13695.86,13712.86
2017-03-21,後場,13999.31,14010.64,13983.07,13987.00
2017-03-21,前場,13966.91,14008.63,13917.18,13997.48
2017-03-17,後場,14013.87,14038.16,14008.66,14019.31
2017-03-17,前場,14020.29,14036.71,13996.77,14017.74
2017-03-16,後場,14065.44,14105.37,14062.31,14087.07
2017-03-16,前場,13992.99,14083.41,13985.36,14058.06
2017-03-15,後場,14067.05,14087.70,14052.83,14080.15
2017-03-15,前場,14037.91,14058.18,14016.76,14052.80
2017-03-14,後場,14107.10,14108.84,14092.90,14096.33
2017-03-14,前場,14118.37,14118.37,14089.10,14102.30
2017-03-13,後場,14122.51,14128.59,14101.49,14117.98
2017-03-13,前場,14051.93,14127.96,14042.52,14117.39
2017-03-10,後場,14074.17,14095.34,14053.32,14087.26
2017-03-10,前場,14017.13,14077.67,14001.87,14067.92
2017-03-09,後場,13881.93,13917.68,13880.48,13910.16
2017-03-09,前場,13936.43,13936.43,13868.65,13886.33
2017-03-08,後場,13859.50,13872.02,13843.72,13872.02
2017-03-08,前場,13895.41,13907.19,13823.54,13862.94
2017-03-07,後場,13916.85,13921.84,13903.19,13918.61
2017-03-07,前場,13903.93,13932.60,13898.11,13920.06
2017-03-06,後場,13899.74,13942.10,13899.74,13918.68
2017-03-06,前場,13917.98,13920.42,13874.14,13907.00
2017-03-03,後場,13969.31,13969.49,13898.36,13955.44
2017-03-03,前場,14001.69,14026.53,13973.78,13990.74
2017-03-02,後場,14069.50,14070.37,14021.21,14023.74
2017-03-02,前場,14096.30,14125.49,14051.98,14092.43
2017-03-01,後場,13865.88,13927.91,13849.89,13917.46
2017-03-01,前場,13821.86,13908.25,13759.14,13804.04
2017-02-28,後場,13865.53,13870.81,13745.10,13748.21
2017-02-28,前場,13817.33,13878.00,13812.73,13860.78
2017-02-27,後場,13768.94,13795.86,13732.12,13741.44
2017-02-27,前場,13775.98,13785.29,13662.27,13725.26
2017-02-24,後場,13934.07,13936.91,13862.71,13893.04
2017-02-24,前場,13868.43,13971.09,13852.46,13943.61
2017-02-23,後場,13924.91,13956.67,13911.54,13952.96
2017-02-23,前場,13960.05,13960.05,13872.49,13915.58
2017-02-22,後場,13945.73,13962.67,13938.63,13962.42
2017-02-22,前場,13991.59,13992.39,13932.14,13942.98
2017-02-21,後場,13963.63,13964.81,13948.44,13959.68
2017-02-21,前場,13883.32,13948.66,13876.86,13929.50
2017-02-20,後場,13865.05,13890.06,13858.20,13875.93
2017-02-20,前場,13809.08,13839.44,13772.98,13838.06
2017-02-17,後場,13836.59,13858.82,13813.23,13855.47
2017-02-17,前場,13842.22,13874.97,13795.69,13848.56
2017-02-16,後場,13882.40,13923.49,13872.27,13917.90
2017-02-16,前場,13946.08,13958.59,13840.06,13885.46
2017-02-15,後場,13967.36,13967.36,13936.94,13942.28
2017-02-15,前場,13935.36,13985.68,13924.82,13968.41
2017-02-14,後場,13923.51,13923.51,13789.21,13794.36
2017-02-14,前場,13989.51,13989.51,13896.64,13916.31
2017-02-13,後場,13984.19,13984.19,13936.85,13946.05
2017-02-13,前場,13989.71,13989.71,13919.06,13969.05
2017-02-10,後場,13859.09,13887.17,13853.07,13876.41
2017-02-10,前場,13780.50,13865.20,13757.43,13865.20
2017-02-09,後場,13604.92,13610.42,13549.62,13571.04
2017-02-09,前場,13618.55,13630.87,13557.83,13621.92
2017-02-08,後場,13614.52,13675.51,13599.23,13673.03
2017-02-08,前場,13623.73,13660.33,13586.12,13586.12
2017-02-07,後場,13565.58,13637.02,13565.03,13590.40
2017-02-07,前場,13527.25,13584.69,13518.22,13569.01
2017-02-06,後場,13632.24,13632.24,13573.90,13618.16
2017-02-06,前場,13705.52,13715.64,13589.60,13632.48
2017-02-03,後場,13553.84,13650.66,13553.84,13576.07
2017-02-03,前場,13597.67,13655.06,13525.05,13540.01
2017-02-02,後場,13638.64,13649.05,13519.43,13550.30
2017-02-02,前場,13724.02,13729.37,13647.13,13676.32
2017-02-01,後場,13621.87,13704.76,13620.98,13696.93
2017-02-01,前場,13553.38,13625.45,13521.77,13608.00
2017-01-31,後場,13658.45,13724.59,13639.58,13642.35
2017-01-31,前場,13687.61,13749.37,13656.90,13680.50
2017-01-30,後場,13797.60,13852.51,13796.05,13849.28
2017-01-30,前場,13847.76,13856.84,13782.13,13801.63
2017-01-27,後場,13930.54,13930.87,13868.27,13907.16
2017-01-27,前場,13921.28,13944.19,13894.06,13924.34
2017-01-26,後場,13840.76,13868.57,13830.93,13859.63
2017-01-26,前場,13771.47,13850.10,13762.95,13827.65
2017-01-25,後場,13614.72,13635.86,13593.36,13635.86
2017-01-25,前場,13683.65,13706.32,13604.70,13607.71
2017-01-24,後場,13490.64,13542.44,13479.53,13495.86
2017-01-24,前場,13511.56,13565.03,13496.55,13533.11
2017-01-23,後場,13578.26,13649.28,13567.32,13567.32
2017-01-23,前場,13615.60,13621.15,13553.19,13589.23
2017-01-20,後場,13713.26,13784.90,13709.02,13747.11
2017-01-20,前場,13692.26,13750.33,13678.18,13717.20
2017-01-19,後場,13683.26,13722.03,13634.91,13695.53
2017-01-19,前場,13704.34,13752.83,13672.88,13689.36
2017-01-18,後場,13458.75,13588.90,13455.01,13563.75
2017-01-18,前場,13465.12,13512.20,13391.05,13469.87
2017-01-17,後場,13606.70,13618.08,13516.30,13516.30
2017-01-17,前場,13671.34,13671.34,13530.69,13614.11
2017-01-16,後場,13705.20,13738.90,13685.56,13716.75
2017-01-16,前場,13809.05,13835.05,13717.27,13726.99
2017-01-13,後場,13827.35,13844.73,13802.19,13842.86
2017-01-13,前場,13744.87,13808.21,13733.09,13797.60
2017-01-12,後場,13758.90,13774.83,13683.29,13743.96
2017-01-12,前場,13825.96,13843.19,13709.40,13769.98
2017-01-11,後場,13881.67,13897.39,13868.70,13886.42
2017-01-11,前場,13871.30,13902.40,13845.18,13884.61
2017-01-10,後場,13882.34,13883.73,13800.31,13816.61
2017-01-10,前場,13899.56,13962.31,13875.96,13932.14
2017-01-06,後場,13896.40,13942.07,13869.38,13928.49
2017-01-06,前場,13821.35,13911.68,13818.53,13895.41
2017-01-05,後場,13931.13,13953.81,13905.24,13950.40
2017-01-05,前場,13974.86,13979.82,13934.29,13947.36
2017-01-04,後場,13909.09,13941.13,13895.58,13938.86
2017-01-04,前場,13754.89,13930.50,13749.74,13923.27
2016-12-30,後場,13588.74,13642.00,13583.38,13614.80
2016-12-30,前場,13534.05,13566.27,13520.84,13564.47
2016-12-29,後場,13642.13,13642.97,13574.90,13622.00
2016-12-29,前場,13713.69,13713.69,13620.69,13645.42
2016-12-28,後場,13790.65,13815.41,13769.64,13780.50
2016-12-28,前場,13778.23,13788.40,13750.97,13785.76
2016-12-27,後場,13839.60,13840.65,13757.99,13775.68
2016-12-27,前場,13751.06,13855.11,13747.50,13826.76
2016-12-26,後場,13795.81,13807.11,13783.34,13785.73
2016-12-26,前場,13813.09,13822.62,13789.35,13793.16
2016-12-22,後場,13808.39,13841.55,13782.96,13841.55
2016-12-22,前場,13828.72,13829.59,13768.16,13823.42
2016-12-21,後場,13905.43,13925.23,13818.14,13850.89
2016-12-21,前場,13942.76,13975.07,13906.80,13917.58
2016-12-20,後場,13864.01,13919.84,13843.07,13912.64
2016-12-20,前場,13862.11,13874.77,13839.28,13855.50
